<?xml version="1.0" encoding="UTF-8"?>
<templates xml:space="preserve">
    <t t-name="website_sale_reseller.resellerInfo">
        <div class="media">
            <img class="align-self-start mr-3 img-fluid img-thumbnail" loading="lazy" t-att-src="image_url" t-att-alt="name"/>
            <div class="media-body">
                <address>
                    <strong><t t-esc="name"/></strong><br/>
                    <p t-esc="contact_address_complete"></p>
                    <t t-if="phone">
                        <abbr title="Phone">Phone:</abbr><t t-esc="phone"/><br/>
                    </t>
                    <t t-if="email">
                        <a href="mailto:#"><t t-esc="email"/></a>
                    </t>
                </address>
            </div>
        </div>
    </t>
</templates>
