<?xml version="1.0" encoding="UTF-8"?>
<odoo>
    <data>
        <record id="dynamic_snippet_filter_contacts_action" model="ir.actions.server">
            <field name="name">Contacts Dynamic Filter</field>
            <field name="model_id" ref="base.model_res_partner"/>
            <field name="state">code</field>
            <field name="code">
ResPartner = model.env['res.partner']
FieldContact = model.env['ir.qweb.field.contact']

website = request.website.get_current_website()
dynamic_filter = model.env.context.get('dynamic_filter')
search_domain = model.env.context.get('search_domain')
get_rendering_data_structure = model.env.context.get('get_rendering_data_structure')
escape = dynamic_filter.escape_falsy_as_empty

domain = [('partner_latitude', '!=', False), ('partner_longitude', '!=', False)] + website.website_domain() + (search_domain or [])
res_partner_ids = ResPartner.search(domain)

address_options = {"fields": ["address", "website", "phone", "mobile", "email"], "no_marker": True}
res_partners = []
for partner in res_partner_ids:
    res_partner = partner._read_format(['id', 'name'])[0]

    data = get_rendering_data_structure()
    for field_name in dynamic_filter.field_names.split(","):
        field = ResPartner._fields.get(field_name)
        if field and field.type == 'binary':
            data['image_fields'][field_name] = escape(website.image_url(partner, field_name))
        elif field and field.type == 'many2one':
            data['fields'][field_name] = escape(partner[field_name].display_name)
        else:
            data['fields'][field_name] = escape(partner[field_name])

    data['fields']['id'] = escape(partner.id)
    data['fields']['formatted_address'] = FieldContact.value_to_html(partner, address_options)
    res_partners.append(data)

response = res_partners
            </field>
        </record>
        <record id="dynamic_filter_contacts_google_map" model="website.snippet.filter">
            <field name="action_server_id" ref="website_snippet_contacts_google_map.dynamic_snippet_filter_contacts_action"/>
            <field name="field_names">display_name,partner_latitude,partner_longitude,street,street2,zip,city,state_id,country_id,image_128,website,phone,mobile</field>
            <field name="limit" eval="16"/>
            <field name="name">Contacts</field>
            <field name="website_id" ref="website.default_website"/>
        </record>
    </data>
</odoo>
