<?xml version="1.0" encoding="UTF-8"?>
<templates xml:space="preserve">
    <t t-name="website_snippet_contacts_google_map.sidebar_list_content">
        <ul class="list-group list-group-flush" t-att-id="uniqueId">
            <t t-foreach="data" t-as="content">
                <t t-raw="content"/>
            </t>
        </ul>
    </t>
    <div t-name="website_snippet_contacts_google_map.button_center_map">
        <div style="right:11px !important; box-shadow: 1px 1px #ccc; position: absolute;">
            <button type="button" class="btn btn-light">
                <i class="fa fa-refresh"></i>
            </button>
        </div>
    </div>
</templates>
