<?xml version="1.0" encoding="UTF-8"?>
<odoo>
    <!-- res_partner_portal_public_rule -->
    <function model="ir.model.data" name="write">
        <function model="ir.model.data" name="search">
            <value eval="[
                ('module', '=', 'base'),
                ('model', '=', 'ir.rule'),
                ('name', '=', 'res_partner_portal_public_rule')
            ]"/>
        </function>
        <value eval="{'noupdate': False}"/>
    </function>
    <record model="ir.rule" id="base.res_partner_portal_public_rule">
        <field name="perm_read" eval="False"/>
        <field name="perm_write" eval="True"/>
    </record>
    <function model="ir.model.data" name="write">
        <function model="ir.model.data" name="search">
            <value eval="[
                ('module', '=', 'base'),
                ('model', '=', 'ir.rule'),
                ('name', '=', 'res_partner_portal_public_rule')
            ]"/>
        </function>
        <value eval="{'noupdate': True}"/>
    </function>
</odoo>
