<?xml version="1.0" encoding="UTF-8"?>
<odoo>
    <data noupdate="0">
        <function name="write" model="ir.model.data">
            <function name="search" model="ir.model.data">
                <value eval="[
                    ('module', '=', 'auto_backup'),
                    ('name', '=', 'backup_scheduler'),
                    ('model', '=', 'ir.cron')]"/>
            </function>
            <value eval="{'noupdate': False}"/>
        </function>
        <record id="auto_backup.backup_scheduler" model="ir.cron">
            <field name="model_id" ref="auto_backup_google_cloud_storage.model_db_backup"/>
            <field name="code">model.cron_schedule_backup()</field>
        </record>
        <function name="write" model="ir.model.data">
            <function name="search" model="ir.model.data">
                <value eval="[
                    ('module', '=', 'auto_backup'),
                    ('name', '=', 'backup_scheduler'),
                    ('model', '=', 'ir.cron')]"/>
            </function>
            <value eval="{'noupdate': True}"/>
        </function>
    </data>
</odoo>
